Datetime,Water Level (m)
2025-03-24 18:00:00,0.21274126
2025-03-24 19:00:00,0.08163699
2025-03-24 20:00:00,-0.08441867
2025-03-24 21:00:00,-0.22815174
2025-03-24 22:00:00,-0.34400627
2025-03-24 23:00:00,-0.46895236
2025-03-25 00:00:00,-0.5580569
2025-03-25 01:00:00,-0.6179875
2025-03-25 02:00:00,-0.5467437
2025-03-25 03:00:00,-0.35441193
2025-03-25 04:00:00,-0.22987989
2025-03-25 05:00:00,-0.15853982
2025-03-25 06:00:00,-0.12804005
2025-03-25 07:00:00,-0.17534952
2025-03-25 08:00:00,-0.29858395
2025-03-25 09:00:00,-0.39821017
2025-03-25 10:00:00,-0.4936304
2025-03-25 11:00:00,-0.56614953
2025-03-25 12:00:00,-0.61695194
2025-03-25 13:00:00,-0.55904305
2025-03-25 14:00:00,-0.26724005
2025-03-25 15:00:00,-0.045730375
2025-03-25 16:00:00,0.109942295
2025-03-25 17:00:00,0.22950782
2025-03-25 18:00:00,0.30217516
2025-03-25 19:00:00,0.27268508
2025-03-25 20:00:00,0.121358804
2025-03-25 21:00:00,-0.05573456
2025-03-25 22:00:00,-0.2008313
2025-03-25 23:00:00,-0.33168536
2025-03-26 00:00:00,-0.46975604
2025-03-26 01:00:00,-0.5797881
2025-03-26 02:00:00,-0.6400946
2025-03-26 03:00:00,-0.43215197
2025-03-26 04:00:00,-0.16255492
2025-03-26 05:00:00,-0.011055931
2025-03-26 06:00:00,0.08378339
2025-03-26 07:00:00,0.1265466
2025-03-26 08:00:00,0.04561864
2025-03-26 09:00:00,-0.11361519
2025-03-26 10:00:00,-0.2403748
2025-03-26 11:00:00,-0.3447315
2025-03-26 12:00:00,-0.47509786
2025-03-26 13:00:00,-0.56752574
2025-03-26 14:00:00,-0.5800223
2025-03-26 15:00:00,-0.2275837
2025-03-26 16:00:00,0.06432727
2025-03-26 17:00:00,0.26679498
2025-03-26 18:00:00,0.41404203
2025-03-26 19:00:00,0.49768636
2025-03-26 20:00:00,0.43632177
2025-03-26 21:00:00,0.22828452
2025-03-26 22:00:00,0.03792984
2025-03-26 23:00:00,-0.11305221
2025-03-27 00:00:00,-0.26426116
2025-03-27 01:00:00,-0.40526083
2025-03-27 02:00:00,-0.5452676
2025-03-27 03:00:00,-0.5724573
2025-03-27 04:00:00,-0.23878923
2025-03-27 05:00:00,0.0727322
2025-03-27 06:00:00,0.27654713
2025-03-27 07:00:00,0.4027993
2025-03-27 08:00:00,0.43814942
2025-03-27 09:00:00,0.2963793
2025-03-27 10:00:00,0.09949028
2025-03-27 11:00:00,-0.060826514
2025-03-27 12:00:00,-0.21045464
2025-03-27 13:00:00,-0.3502556
2025-03-27 14:00:00,-0.50135845
2025-03-27 15:00:00,-0.5082837
2025-03-27 16:00:00,-0.08833638
2025-03-27 17:00:00,0.2547678
2025-03-27 18:00:00,0.49461356
2025-03-27 19:00:00,0.64172614
2025-03-27 20:00:00,0.688923
2025-03-27 21:00:00,0.5400646
2025-03-27 22:00:00,0.29268265
2025-03-27 23:00:00,0.10562246
2025-03-28 00:00:00,-0.054981317
2025-03-28 01:00:00,-0.21773422
2025-03-28 02:00:00,-0.35721853
2025-03-28 03:00:00,-0.49589062
2025-03-28 04:00:00,-0.38733
2025-03-28 05:00:00,0.052347045
2025-03-28 06:00:00,0.3526305
2025-03-28 07:00:00,0.55547714
2025-03-28 08:00:00,0.67128223
2025-03-28 09:00:00,0.6284182
2025-03-28 10:00:00,0.4011985
2025-03-28 11:00:00,0.20260279
2025-03-28 12:00:00,0.036888793
2025-03-28 13:00:00,-0.13190381
2025-03-28 14:00:00,-0.29345337
2025-03-28 15:00:00,-0.42798808
2025-03-28 16:00:00,-0.34728178
2025-03-28 17:00:00,0.15801798
2025-03-28 18:00:00,0.4772492
2025-03-28 19:00:00,0.6966213
2025-03-28 20:00:00,0.8139616
2025-03-28 21:00:00,0.7809119
2025-03-28 22:00:00,0.534361
2025-03-28 23:00:00,0.30523223
2025-03-29 00:00:00,0.12787436
2025-03-29 01:00:00,-0.042016648
2025-03-29 02:00:00,-0.20561168
2025-03-29 03:00:00,-0.35148433
2025-03-29 04:00:00,-0.4914117
2025-03-29 05:00:00,-0.24194963
2025-03-29 06:00:00,0.2522072
2025-03-29 07:00:00,0.548246
2025-03-29 08:00:00,0.7333245
2025-03-29 09:00:00,0.82238084
2025-03-29 10:00:00,0.6854055
2025-03-29 11:00:00,0.4253982
2025-03-29 12:00:00,0.22672024
2025-03-29 13:00:00,0.049042434
2025-03-29 14:00:00,-0.12891443
2025-03-29 15:00:00,-0.29311773
2025-03-29 16:00:00,-0.4309407
2025-03-29 17:00:00,-0.2904186
2025-03-29 18:00:00,0.22481363
2025-03-29 19:00:00,0.54626125
2025-03-29 20:00:00,0.74259776
2025-03-29 21:00:00,0.8283064
2025-03-29 22:00:00,0.7002395
2025-03-29 23:00:00,0.42335647
2025-03-30 00:00:00,0.22023304
2025-03-30 01:00:00,0.048205383
2025-03-30 02:00:00,-0.12633222
2025-03-30 03:00:00,-0.28996333
2025-03-30 04:00:00,-0.4401318
2025-03-30 05:00:00,-0.5174139
2025-03-30 06:00:00,-0.049856316
2025-03-30 07:00:00,0.39138588
2025-03-30 08:00:00,0.66298455
2025-03-30 09:00:00,0.81661046
2025-03-30 10:00:00,0.8347887
2025-03-30 11:00:00,0.61454195
2025-03-30 12:00:00,0.37803966
2025-03-30 13:00:00,0.18895373
2025-03-30 14:00:00,0.006225798
2025-03-30 15:00:00,-0.16767155
2025-03-30 16:00:00,-0.32884613
2025-03-30 17:00:00,-0.45105088
2025-03-30 18:00:00,-0.14884345
